{
  "HTTP Request - Submit Login Form" : {
    "transaction" : "HTTP Request - Submit Login Form",
    "sampleCount" : 3426,
    "errorCount" : 0,
    "errorPct" : 0.0,
    "meanResTime" : 476.1783420899014,
    "medianResTime" : 445.0,
    "minResTime" : 432.0,
    "maxResTime" : 2454.0,
    "pct1ResTime" : 510.3000000000002,
    "pct2ResTime" : 614.0,
    "pct3ResTime" : 1713.5500000000025,
    "throughput" : 19.272418390364916,
    "receivedKBytesPerSec" : 143.86948136465148,
    "sentKBytesPerSec" : 13.967947026515045
  },
  "HTTP Request - Submit Login Form-0" : {
    "transaction" : "HTTP Request - Submit Login Form-0",
    "sampleCount" : 3426,
    "errorCount" : 0,
    "errorPct" : 0.0,
    "meanResTime" : 234.52101576182108,
    "medianResTime" : 220.0,
    "minResTime" : 211.0,
    "maxResTime" : 995.0,
    "pct1ResTime" : 246.0,
    "pct2ResTime" : 304.0,
    "pct3ResTime" : 873.46,
    "throughput" : 19.404058653949626,
    "receivedKBytesPerSec" : 10.801280922386598,
    "sentKBytesPerSec" : 6.976325860821472
  },
  "HTTP Request - Submit Login Form-1" : {
    "transaction" : "HTTP Request - Submit Login Form-1",
    "sampleCount" : 3426,
    "errorCount" : 0,
    "errorPct" : 0.0,
    "meanResTime" : 241.49095154699344,
    "medianResTime" : 223.0,
    "minResTime" : 216.0,
    "maxResTime" : 2132.0,
    "pct1ResTime" : 263.0,
    "pct2ResTime" : 309.0,
    "pct3ResTime" : 884.73,
    "throughput" : 19.29771198756295,
    "receivedKBytesPerSec" : 133.3162162335806,
    "sentKBytesPerSec" : 7.048187776707561
  },
  "HTTP Request - Load Login Page-1" : {
    "transaction" : "HTTP Request - Load Login Page-1",
    "sampleCount" : 3447,
    "errorCount" : 0,
    "errorPct" : 0.0,
    "meanResTime" : 249.9080359733099,
    "medianResTime" : 223.0,
    "minResTime" : 216.0,
    "maxResTime" : 2086.0,
    "pct1ResTime" : 273.2000000000003,
    "pct2ResTime" : 313.0,
    "pct3ResTime" : 917.0,
    "throughput" : 19.383790045493143,
    "receivedKBytesPerSec" : 133.96467230281618,
    "sentKBytesPerSec" : 5.86883699544225
  },
  "Total" : {
    "transaction" : "Total",
    "sampleCount" : 20619,
    "errorCount" : 0,
    "errorPct" : 0.0,
    "meanResTime" : 323.05363984674176,
    "medianResTime" : 226.0,
    "minResTime" : 211.0,
    "maxResTime" : 2965.0,
    "pct1ResTime" : 450.0,
    "pct2ResTime" : 468.0,
    "pct3ResTime" : 900.9900000000016,
    "throughput" : 113.85673896717763,
    "receivedKBytesPerSec" : 566.7775245070294,
    "sentKBytesPerSec" : 47.23990055688695
  },
  "HTTP Request - Load Login Page" : {
    "transaction" : "HTTP Request - Load Login Page",
    "sampleCount" : 3447,
    "errorCount" : 0,
    "errorPct" : 0.0,
    "meanResTime" : 493.09892660284254,
    "medianResTime" : 444.0,
    "minResTime" : 431.0,
    "maxResTime" : 2965.0,
    "pct1ResTime" : 523.2000000000003,
    "pct2ResTime" : 617.5999999999999,
    "pct3ResTime" : 1812.04,
    "throughput" : 19.186133885484328,
    "receivedKBytesPerSec" : 143.2994650776323,
    "sentKBytesPerSec" : 9.987913217462332
  },
  "HTTP Request - Load Login Page-0" : {
    "transaction" : "HTTP Request - Load Login Page-0",
    "sampleCount" : 3447,
    "errorCount" : 0,
    "errorPct" : 0.0,
    "meanResTime" : 243.02117783579888,
    "medianResTime" : 220.0,
    "minResTime" : 212.0,
    "maxResTime" : 1824.0,
    "pct1ResTime" : 255.0,
    "pct2ResTime" : 308.0,
    "pct3ResTime" : 900.0,
    "throughput" : 19.209656655948194,
    "receivedKBytesPerSec" : 10.713947672911988,
    "sentKBytesPerSec" : 4.18404412871083
  }
}