{
  "HTTP Request - Submit Login Form" : {
    "transaction" : "HTTP Request - Submit Login Form",
    "sampleCount" : 3479,
    "errorCount" : 0,
    "errorPct" : 0.0,
    "meanResTime" : 464.0258695027304,
    "medianResTime" : 444.0,
    "minResTime" : 431.0,
    "maxResTime" : 2338.0,
    "pct1ResTime" : 457.0,
    "pct2ResTime" : 512.0,
    "pct3ResTime" : 1111.1999999999998,
    "throughput" : 19.657921650835984,
    "receivedKBytesPerSec" : 146.75112708854823,
    "sentKBytesPerSec" : 14.251371867883963
  },
  "HTTP Request - Submit Login Form-0" : {
    "transaction" : "HTTP Request - Submit Login Form-0",
    "sampleCount" : 3479,
    "errorCount" : 0,
    "errorPct" : 0.0,
    "meanResTime" : 229.75855130784737,
    "medianResTime" : 219.0,
    "minResTime" : 212.0,
    "maxResTime" : 1320.0,
    "pct1ResTime" : 227.0,
    "pct2ResTime" : 238.0,
    "pct3ResTime" : 348.3999999999987,
    "throughput" : 19.68383650930159,
    "receivedKBytesPerSec" : 10.95699434103845,
    "sentKBytesPerSec" : 7.080945596102272
  },
  "HTTP Request - Submit Login Form-1" : {
    "transaction" : "HTTP Request - Submit Login Form-1",
    "sampleCount" : 3479,
    "errorCount" : 0,
    "errorPct" : 0.0,
    "meanResTime" : 234.102615694165,
    "medianResTime" : 224.0,
    "minResTime" : 214.0,
    "maxResTime" : 1575.0,
    "pct1ResTime" : 232.0,
    "pct2ResTime" : 242.0,
    "pct3ResTime" : 441.0,
    "throughput" : 19.687066745890277,
    "receivedKBytesPerSec" : 136.0099098035679,
    "sentKBytesPerSec" : 7.190393518518518
  },
  "HTTP Request - Load Login Page-1" : {
    "transaction" : "HTTP Request - Load Login Page-1",
    "sampleCount" : 3495,
    "errorCount" : 0,
    "errorPct" : 0.0,
    "meanResTime" : 243.7834048640913,
    "medianResTime" : 224.0,
    "minResTime" : 215.0,
    "maxResTime" : 1212.0,
    "pct1ResTime" : 233.0,
    "pct2ResTime" : 294.59999999999945,
    "pct3ResTime" : 902.04,
    "throughput" : 19.604873451803986,
    "receivedKBytesPerSec" : 135.49588309051617,
    "sentKBytesPerSec" : 5.936027750081337
  },
  "Total" : {
    "transaction" : "Total",
    "sampleCount" : 20922,
    "errorCount" : 0,
    "errorPct" : 0.0,
    "meanResTime" : 315.23386865500225,
    "medianResTime" : 226.0,
    "minResTime" : 212.0,
    "maxResTime" : 2568.0,
    "pct1ResTime" : 449.0,
    "pct2ResTime" : 455.0,
    "pct3ResTime" : 890.0,
    "throughput" : 116.32510091294243,
    "receivedKBytesPerSec" : 579.0783779773487,
    "sentKBytesPerSec" : 48.27899387989414
  },
  "HTTP Request - Load Login Page" : {
    "transaction" : "HTTP Request - Load Login Page",
    "sampleCount" : 3495,
    "errorCount" : 0,
    "errorPct" : 0.0,
    "meanResTime" : 481.7959942775397,
    "medianResTime" : 444.0,
    "minResTime" : 430.0,
    "maxResTime" : 2568.0,
    "pct1ResTime" : 459.0,
    "pct2ResTime" : 548.1999999999998,
    "pct3ResTime" : 1793.04,
    "throughput" : 19.43945402666459,
    "receivedKBytesPerSec" : 145.19445146463354,
    "sentKBytesPerSec" : 10.120288791652994
  },
  "HTTP Request - Load Login Page-0" : {
    "transaction" : "HTTP Request - Load Login Page-0",
    "sampleCount" : 3495,
    "errorCount" : 0,
    "errorPct" : 0.0,
    "meanResTime" : 237.85522174535086,
    "medianResTime" : 219.0,
    "minResTime" : 212.0,
    "maxResTime" : 1510.0,
    "pct1ResTime" : 228.0,
    "pct2ResTime" : 262.1999999999998,
    "pct3ResTime" : 889.04,
    "throughput" : 19.464354334786897,
    "receivedKBytesPerSec" : 10.85572521601535,
    "sentKBytesPerSec" : 4.239771119799063
  }
}